{
  "model": [
    {
      "file_0_1024": "",
      "psnr": 22.14345454953051,
      "ssim": 0.7409652935135822,
      "mse": 306.30252838134766
    },
    {
      "file_5120_19456": "",
      "psnr": 25.665452651980992,
      "ssim": 0.7381401575709341,
      "mse": 142.27405166625977
    },
    {
      "file_5120_19968": "",
      "psnr": 25.550035361025593,
      "ssim": 0.7636567629696025,
      "mse": 137.31007766723633
    },
    {
      "file_5120_20480": "",
      "psnr": 26.146814326174656,
      "ssim": 0.7543776299716642,
      "mse": 119.6808090209961
    }
  ]
}
